{
  "anchor_count": 38,
  "cluster_purity": 0.289474,
  "cluster_recall": 0.0,
  "cluster_sizes": [
    34,
    4
  ],
  "clusters": [
    {
      "cluster_id": 0,
      "max_intra_distance": 3.16407,
      "mean_intra_distance": 1.226904,
      "members": [
        "v314:D01",
        "v314:D03",
        "v314:D04",
        "v314:D06",
        "v314:D07",
        "v314:D08",
        "v314:D10",
        "v315:A01",
        "v315:A02",
        "v315:A04",
        "v315:A06",
        "v315:A09",
        "v315:A10",
        "v315:A11",
        "v315:A12",
        "v315:A13",
        "v316-susp:G01",
        "v316-susp:G02",
        "v316-susp:G03",
        "v316-susp:G04",
        "v316-susp:G05",
        "v316-susp:G06",
        "v316-susp:G07",
        "v316-susp:G08",
        "v316-susp:G09",
        "v317-h:E02",
        "v317-h:E03",
        "v317-h:E04",
        "v317-h:E05",
        "v317-h:E06",
        "v317-h:E07",
        "v317-h:E08",
        "v317-h:E09",
        "v317-h:E10"
      ]
    },
    {
      "cluster_id": 1,
      "max_intra_distance": 3.162278,
      "mean_intra_distance": 2.048628,
      "members": [
        "v314:D09",
        "v315:A08",
        "v315:A15",
        "v317-h:E01"
      ]
    }
  ],
  "distance_gap": 6.582035,
  "halt": false,
  "pairwise_distance_count": 703,
  "predicted_cluster_count": 2,
  "rationale": [
    "INFO: anchor_count 38",
    "INFO: distance_gap 6.582035",
    "INFO: pairwise_distance_count 703",
    "INFO: predicted_cluster_count 2",
    "INFO: cluster_sizes [34, 4]",
    "FAIL: cluster_purity 0.289474 (threshold 0.7)",
    "FAIL: cluster_recall 0.0 (threshold 0.7)",
    "INFO: clusters [{'cluster_id': 0, 'members': ['v314:D01', 'v314:D03', 'v314:D04', 'v314:D06', 'v314:D07', 'v314:D08', 'v314:D10', 'v315:A01', 'v315:A02', 'v315:A04', 'v315:A06', 'v315:A09', 'v315:A10', 'v315:A11', 'v315:A12', 'v315:A13', 'v316-susp:G01', 'v316-susp:G02', 'v316-susp:G03', 'v316-susp:G04', 'v316-susp:G05', 'v316-susp:G06', 'v316-susp:G07', 'v316-susp:G08', 'v316-susp:G09', 'v317-h:E02', 'v317-h:E03', 'v317-h:E04', 'v317-h:E05', 'v317-h:E06', 'v317-h:E07', 'v317-h:E08', 'v317-h:E09', 'v317-h:E10'], 'mean_intra_distance': 1.226904, 'max_intra_distance': 3.16407}, {'cluster_id': 1, 'members': ['v314:D09', 'v315:A08', 'v315:A15', 'v317-h:E01'], 'mean_intra_distance': 2.048628, 'max_intra_distance': 3.162278}]",
    "PASS: replay_stability 1.0"
  ],
  "recommendation": "NOVEL_DOPPELGAENGER_NOT_DETECTED",
  "replay_stability": 1.0
}
