{"cluster_count":8,"failure_count":346,"largest_cluster_fraction":0.563584,"taxonomy":[{"member_ids":["D2A001","D2A007","D2A008","D2A009","D4A002","D4A004","T2X017P1","T2X017P2","T2X017P4","T2X023P1","T2X023P2","T2X023P3","T2X023P4","T4X015P1","T4X015P2","T4X015P3","T4X015P4","T4X018P1","T4X018P2","T4X018P3","T4X018P4","D3A008","T2X024P1","T2X024P2","T2X024P3","T2X024P4","T2X025P1","T2X025P2","T2X025P3","T2X025P4","T3X022P1","T3X022P2","T3X022P3","T3X022P4","T4X016P1","T4X016P2","T4X016P3","T4X016P4","D2A004","D2A006","D4A001","D4A007","T2X020P1","T2X020P2","T2X020P3","T2X020P4","T2X022P1","T2X022P2","T2X022P3","T2X022P4","T4X021P1","T4X021P2","T4X021P3","T4X021P4","D1A005","D1A006","D5A005","T1X021P1","T1X021P2","T1X021P3","T1X021P4","T1X022P1","T1X022P2","T1X022P3","T1X022P4","T5X019P1","T5X019P2","T5X019P3","T5X019P4","D4A006","D5A001","D5A002","T4X020P1","T4X020P2","T4X020P3","T4X020P4","T5X015P1","T5X015P2","T5X015P3","T5X015P4","T5X016P1","T5X016P2","T5X016P3","T5X016P4","D3A001","D5A003","T2X017P3","T3X015P1","T3X015P2","T3X015P3","T3X015P4","T5X017P1","T5X017P2","T5X017P3","T5X017P4","D3A003","D3A006","D4A005","T3X017P1","T3X017P2","T3X017P3","T3X017P4","T4X019P1","T4X019P2","T4X019P3","T4X019P4","D1A001","D1A003","T1X017P1","T1X017P2","T1X017P3","T1X017P4","T1X019P1","T1X019P2","T1X019P3","T1X019P4","D3A005","T3X019P1","T3X019P2","T3X019P3","T3X019P4","T3X020P1","T3X020P2","T3X020P3","T3X020P4","D1A007","D3A002","D3A007","T1X023P1","T1X023P2","T1X023P3","T1X023P4","T1X018P1","T1X018P2","T1X018P3","T1X018P4","T4X017P1","T4X017P3","T4X017P4","D5A004","D5A007","T5X021P1","T5X021P2","T5X021P3","T5X021P4","D1A004","T1X020P1","T1X020P2","T1X020P3","T1X020P4","D1A008","T1X024P1","T1X024P2","T1X024P3","T1X024P4","D2A002","T2X018P1","T2X018P2","T2X018P3","T2X018P4","D2A003","T2X019P1","T2X019P2","T2X019P3","T2X019P4","D2A005","T2X021P1","T2X021P2","T2X021P3","T2X021P4","D3A004","T3X018P1","T3X018P2","T3X018P3","T3X018P4","D5A006","T5X020P1","T5X020P2","T5X020P3","T5X020P4","T3X016P1","T3X016P2","T3X016P3","T3X016P4","T3X021P1","T3X021P2","T3X021P3","T3X021P4","T5X018P1","T5X018P2","T5X018P3","T5X018P4","D1A002","D4A003","T4X017P2"],"representative_centroid":[2.0,8.128205128205128,0.9283129833129832,0.4717948717948718,0.6051282051282051,0.9230769230769231,0.10256410256410256,0.0,0.05128205128205128,0.0,0.02564102564102564,0.2564102564102564,0.7948717948717948,0.7128205128205128,0.28717948717948716,0.0,0.0,1.0],"size":195,"taxonomy_name":"MT_AMBIGUITY_DECISIVENESS"},{"member_ids":["D1I002","D2I001","T1X010P1","T1X010P2","T1X010P3","T1X010P4","T2X009P1","T2X009P2","T2X009P3","T2X009P4","D3I007","D4I006","T3X014P1","T3X014P2","T3X014P3","T3X014P4","T4X013P1","T4X013P2","T4X013P3","T4X013P4","D4I002","T4X009P1","T4X009P2","T4X009P3","T4X009P4","T4X011P1","T4X011P2","T4X011P3","T4X011P4","D1V003","D4V001","T4X001P1","T4X001P2","T4X001P3","T4X001P4","D3I003","D5I006","T3X010P1","T3X010P2","T3X010P3","T3X010P4","D2I008","T2X016P1","T2X016P2","T2X016P3","T2X016P4","D2V008","T2X008P1","T2X008P2","T2X008P3","T2X008P4","D3I001","T3X008P1","T3X008P2","T3X008P3","T3X008P4","D4I005","T4X012P1","T4X012P2","T4X012P3","T4X012P4","D4V002","T4X002P1","T4X002P2","T4X002P3","T4X002P4","D4V005","T4X005P1","T4X005P2","T4X005P3","T4X005P4","D4V007","T4X007P1","T4X007P2","T4X007P3","T4X007P4","D4V004"],"representative_centroid":[2.0,5.220779220779221,0.9141001855287566,0.42857142857142855,0.42857142857142855,0.12987012987012986,0.19480519480519481,0.0,0.0,0.0,0.0,0.4025974025974026,0.8051948051948052,0.6493506493506493,0.35064935064935066,0.35064935064935066,0.6493506493506493,0.0],"size":77,"taxonomy_name":"MT_NOVEL_ENTITY"},{"member_ids":["D3I004","D5I001","T3X011P1","T3X011P2","T3X011P3","T3X011P4","T5X008P1","T5X008P2","T5X008P3","T5X008P4","D5I003","D5I007","T5X010P1","T5X010P2","T5X010P3","T5X010P4","T5X014P1","T5X014P2","T5X014P3","T5X014P4","D1I004","T1X012P1","T1X012P2","T1X012P3","T1X012P4","D5I002","T5X009P1","T5X009P2","T5X009P3","T5X009P4"],"representative_centroid":[2.0,3.3333333333333335,0.5555555555555556,1.0,1.5,0.0,0.0,0.0,0.0,0.0,0.0,0.16666666666666666,0.5,1.0,0.0,0.0,1.0,0.0],"size":30,"taxonomy_name":"MT_AUDIT_OVER_SUPPORT"},{"member_ids":["D2V005","T2X005P1","T2X005P2","T2X005P3","T2X005P4","D2V007","T2X007P1","T2X007P2","T2X007P3","T2X007P4","T5X006P1","T5X006P2","T5X006P3","T5X006P4"],"representative_centroid":[2.0,5.285714285714286,0.6071428571428571,1.3571428571428572,2.0,0.0,0.0,0.0,0.35714285714285715,0.0,0.0,0.0,0.7142857142857143,0.0,1.0,1.0,0.0,0.0],"size":14,"taxonomy_name":"MT_AUDIT_OVER_BLOCK"},{"member_ids":["D2V003","T2X003P1","T2X003P2","T2X003P3","T2X003P4","D4V006","T4X006P1","T4X006P2","T4X006P3","T4X006P4"],"representative_centroid":[2.0,6.5,0.5952380952380951,1.5,3.0,1.0,0.0,0.5,0.0,0.0,0.0,1.0,1.0,0.0,1.0,1.0,0.0,0.0],"size":10,"taxonomy_name":"MT_MODAL_ASYMMETRY"},{"member_ids":["D2V002","T2X002P1","T2X002P2","T2X002P3","T2X002P4","D3I002","T3X009P1","T3X009P2","T3X009P4","T3X009P3"],"representative_centroid":[2.0,5.5,0.8966666666666668,0.6,0.6,0.5,0.5,1.0,0.0,0.0,0.5,0.0,1.0,0.5,0.5,0.5,0.5,0.0],"size":10,"taxonomy_name":"MT_NEGATION_ASYMMETRY"},{"member_ids":["D1V005","T1X005P1","T1X005P2","T1X005P3","T1X005P4"],"representative_centroid":[2.0,6.0,0.5,2.0,3.0,0.0,0.0,0.0,0.0,0.0,0.0,0.0,1.0,0.0,1.0,1.0,0.0,0.0],"size":5,"taxonomy_name":"MT_OVERLAP_LOOP"},{"member_ids":["D2V001","T2X001P1","T2X001P2","T2X001P3","T2X001P4"],"representative_centroid":[2.0,7.0,0.7142857142857143,2.0,2.0,0.0,0.0,0.0,0.0,1.0,0.0,1.0,1.0,0.0,1.0,1.0,0.0,0.0],"size":5,"taxonomy_name":"MT_UNIVERSAL_LEAP"}]}