{"attribution_stability":1.0,"control_summary":{"anchor_count":20,"cohort":"control","max_union_size":133,"mean_union_size":131.673684,"pair_count":190,"resonant_pair_count":0,"subadditivity_score":0.463651},"halt":false,"pair_matrix":{"v23:R4_04":{"v23:R4_04":0,"v23:R5_02":12,"v23:R5_03":12,"v23:R5_04":121,"v23:R5_05":12,"v23:R5_06":12,"v314:C02":0,"v314:D02":121,"v314:D05":121,"v315:G10":121,"v316-susp:G10":121,"v317-h:C02":0,"v317-h:D02":121,"v317-h:D05":121,"v317:R4_04":0,"v317:R5_02":12,"v317:R5_03":12,"v317:R5_04":121,"v317:R5_05":12,"v317:R5_06":12},"v23:R5_02":{"v23:R4_04":12,"v23:R5_02":12,"v23:R5_03":12,"v23:R5_04":133,"v23:R5_05":12,"v23:R5_06":12,"v314:C02":12,"v314:D02":133,"v314:D05":133,"v315:G10":133,"v316-susp:G10":133,"v317-h:C02":12,"v317-h:D02":133,"v317-h:D05":133,"v317:R4_04":12,"v317:R5_02":12,"v317:R5_03":12,"v317:R5_04":133,"v317:R5_05":12,"v317:R5_06":12},"v23:R5_03":{"v23:R4_04":12,"v23:R5_02":12,"v23:R5_03":12,"v23:R5_04":133,"v23:R5_05":12,"v23:R5_06":12,"v314:C02":12,"v314:D02":133,"v314:D05":133,"v315:G10":133,"v316-susp:G10":133,"v317-h:C02":12,"v317-h:D02":133,"v317-h:D05":133,"v317:R4_04":12,"v317:R5_02":12,"v317:R5_03":12,"v317:R5_04":133,"v317:R5_05":12,"v317:R5_06":12},"v23:R5_04":{"v23:R4_04":121,"v23:R5_02":133,"v23:R5_03":133,"v23:R5_04":121,"v23:R5_05":133,"v23:R5_06":133,"v314:C02":121,"v314:D02":121,"v314:D05":121,"v315:G10":121,"v316-susp:G10":121,"v317-h:C02":121,"v317-h:D02":121,"v317-h:D05":121,"v317:R4_04":121,"v317:R5_02":133,"v317:R5_03":133,"v317:R5_04":121,"v317:R5_05":133,"v317:R5_06":133},"v23:R5_05":{"v23:R4_04":12,"v23:R5_02":12,"v23:R5_03":12,"v23:R5_04":133,"v23:R5_05":12,"v23:R5_06":12,"v314:C02":12,"v314:D02":133,"v314:D05":133,"v315:G10":133,"v316-susp:G10":133,"v317-h:C02":12,"v317-h:D02":133,"v317-h:D05":133,"v317:R4_04":12,"v317:R5_02":12,"v317:R5_03":12,"v317:R5_04":133,"v317:R5_05":12,"v317:R5_06":12},"v23:R5_06":{"v23:R4_04":12,"v23:R5_02":12,"v23:R5_03":12,"v23:R5_04":133,"v23:R5_05":12,"v23:R5_06":12,"v314:C02":12,"v314:D02":133,"v314:D05":133,"v315:G10":133,"v316-susp:G10":133,"v317-h:C02":12,"v317-h:D02":133,"v317-h:D05":133,"v317:R4_04":12,"v317:R5_02":12,"v317:R5_03":12,"v317:R5_04":133,"v317:R5_05":12,"v317:R5_06":12},"v314:C02":{"v23:R4_04":0,"v23:R5_02":12,"v23:R5_03":12,"v23:R5_04":121,"v23:R5_05":12,"v23:R5_06":12,"v314:C02":0,"v314:D02":121,"v314:D05":121,"v315:G10":121,"v316-susp:G10":121,"v317-h:C02":0,"v317-h:D02":121,"v317-h:D05":121,"v317:R4_04":0,"v317:R5_02":12,"v317:R5_03":12,"v317:R5_04":121,"v317:R5_05":12,"v317:R5_06":12},"v314:D02":{"v23:R4_04":121,"v23:R5_02":133,"v23:R5_03":133,"v23:R5_04":121,"v23:R5_05":133,"v23:R5_06":133,"v314:C02":121,"v314:D02":121,"v314:D05":121,"v315:G10":121,"v316-susp:G10":121,"v317-h:C02":121,"v317-h:D02":121,"v317-h:D05":121,"v317:R4_04":121,"v317:R5_02":133,"v317:R5_03":133,"v317:R5_04":121,"v317:R5_05":133,"v317:R5_06":133},"v314:D05":{"v23:R4_04":121,"v23:R5_02":133,"v23:R5_03":133,"v23:R5_04":121,"v23:R5_05":133,"v23:R5_06":133,"v314:C02":121,"v314:D02":121,"v314:D05":121,"v315:G10":121,"v316-susp:G10":121,"v317-h:C02":121,"v317-h:D02":121,"v317-h:D05":121,"v317:R4_04":121,"v317:R5_02":133,"v317:R5_03":133,"v317:R5_04":121,"v317:R5_05":133,"v317:R5_06":133},"v315:G10":{"v23:R4_04":121,"v23:R5_02":133,"v23:R5_03":133,"v23:R5_04":121,"v23:R5_05":133,"v23:R5_06":133,"v314:C02":121,"v314:D02":121,"v314:D05":121,"v315:G10":121,"v316-susp:G10":121,"v317-h:C02":121,"v317-h:D02":121,"v317-h:D05":121,"v317:R4_04":121,"v317:R5_02":133,"v317:R5_03":133,"v317:R5_04":121,"v317:R5_05":133,"v317:R5_06":133},"v316-susp:G10":{"v23:R4_04":121,"v23:R5_02":133,"v23:R5_03":133,"v23:R5_04":121,"v23:R5_05":133,"v23:R5_06":133,"v314:C02":121,"v314:D02":121,"v314:D05":121,"v315:G10":121,"v316-susp:G10":121,"v317-h:C02":121,"v317-h:D02":121,"v317-h:D05":121,"v317:R4_04":121,"v317:R5_02":133,"v317:R5_03":133,"v317:R5_04":121,"v317:R5_05":133,"v317:R5_06":133},"v317-h:C02":{"v23:R4_04":0,"v23:R5_02":12,"v23:R5_03":12,"v23:R5_04":121,"v23:R5_05":12,"v23:R5_06":12,"v314:C02":0,"v314:D02":121,"v314:D05":121,"v315:G10":121,"v316-susp:G10":121,"v317-h:C02":0,"v317-h:D02":121,"v317-h:D05":121,"v317:R4_04":0,"v317:R5_02":12,"v317:R5_03":12,"v317:R5_04":121,"v317:R5_05":12,"v317:R5_06":12},"v317-h:D02":{"v23:R4_04":121,"v23:R5_02":133,"v23:R5_03":133,"v23:R5_04":121,"v23:R5_05":133,"v23:R5_06":133,"v314:C02":121,"v314:D02":121,"v314:D05":121,"v315:G10":121,"v316-susp:G10":121,"v317-h:C02":121,"v317-h:D02":121,"v317-h:D05":121,"v317:R4_04":121,"v317:R5_02":133,"v317:R5_03":133,"v317:R5_04":121,"v317:R5_05":133,"v317:R5_06":133},"v317-h:D05":{"v23:R4_04":121,"v23:R5_02":133,"v23:R5_03":133,"v23:R5_04":121,"v23:R5_05":133,"v23:R5_06":133,"v314:C02":121,"v314:D02":121,"v314:D05":121,"v315:G10":121,"v316-susp:G10":121,"v317-h:C02":121,"v317-h:D02":121,"v317-h:D05":121,"v317:R4_04":121,"v317:R5_02":133,"v317:R5_03":133,"v317:R5_04":121,"v317:R5_05":133,"v317:R5_06":133},"v317:R4_04":{"v23:R4_04":0,"v23:R5_02":12,"v23:R5_03":12,"v23:R5_04":121,"v23:R5_05":12,"v23:R5_06":12,"v314:C02":0,"v314:D02":121,"v314:D05":121,"v315:G10":121,"v316-susp:G10":121,"v317-h:C02":0,"v317-h:D02":121,"v317-h:D05":121,"v317:R4_04":0,"v317:R5_02":12,"v317:R5_03":12,"v317:R5_04":121,"v317:R5_05":12,"v317:R5_06":12},"v317:R5_02":{"v23:R4_04":12,"v23:R5_02":12,"v23:R5_03":12,"v23:R5_04":133,"v23:R5_05":12,"v23:R5_06":12,"v314:C02":12,"v314:D02":133,"v314:D05":133,"v315:G10":133,"v316-susp:G10":133,"v317-h:C02":12,"v317-h:D02":133,"v317-h:D05":133,"v317:R4_04":12,"v317:R5_02":12,"v317:R5_03":12,"v317:R5_04":133,"v317:R5_05":12,"v317:R5_06":12},"v317:R5_03":{"v23:R4_04":12,"v23:R5_02":12,"v23:R5_03":12,"v23:R5_04":133,"v23:R5_05":12,"v23:R5_06":12,"v314:C02":12,"v314:D02":133,"v314:D05":133,"v315:G10":133,"v316-susp:G10":133,"v317-h:C02":12,"v317-h:D02":133,"v317-h:D05":133,"v317:R4_04":12,"v317:R5_02":12,"v317:R5_03":12,"v317:R5_04":133,"v317:R5_05":12,"v317:R5_06":12},"v317:R5_04":{"v23:R4_04":121,"v23:R5_02":133,"v23:R5_03":133,"v23:R5_04":121,"v23:R5_05":133,"v23:R5_06":133,"v314:C02":121,"v314:D02":121,"v314:D05":121,"v315:G10":121,"v316-susp:G10":121,"v317-h:C02":121,"v317-h:D02":121,"v317-h:D05":121,"v317:R4_04":121,"v317:R5_02":133,"v317:R5_03":133,"v317:R5_04":121,"v317:R5_05":133,"v317:R5_06":133},"v317:R5_05":{"v23:R4_04":12,"v23:R5_02":12,"v23:R5_03":12,"v23:R5_04":133,"v23:R5_05":12,"v23:R5_06":12,"v314:C02":12,"v314:D02":133,"v314:D05":133,"v315:G10":133,"v316-susp:G10":133,"v317-h:C02":12,"v317-h:D02":133,"v317-h:D05":133,"v317:R4_04":12,"v317:R5_02":12,"v317:R5_03":12,"v317:R5_04":133,"v317:R5_05":12,"v317:R5_06":12},"v317:R5_06":{"v23:R4_04":12,"v23:R5_02":12,"v23:R5_03":12,"v23:R5_04":133,"v23:R5_05":12,"v23:R5_06":12,"v314:C02":12,"v314:D02":133,"v314:D05":133,"v315:G10":133,"v316-susp:G10":133,"v317-h:C02":12,"v317-h:D02":133,"v317-h:D05":133,"v317:R4_04":12,"v317:R5_02":12,"v317:R5_03":12,"v317:R5_04":133,"v317:R5_05":12,"v317:R5_06":12}},"plateau_summary":{"anchor_count":20,"cohort":"plateau","max_union_size":133,"mean_union_size":86.8,"pair_count":190,"resonant_pair_count":64,"subadditivity_score":0.184211},"probe_radius":3.5,"rationale":["INFO: probe_radius 3.5","INFO: plateau pairs 190, resonant 64, subadditivity 0.184211, max_union 133","INFO: control pairs 190, resonant 0, subadditivity 0.463651, max_union 133","INFO: resonance_gap 64 (plateau - control)","INFO: triple sample 200 of 20-choose-3, max triple_extra 0","PASS: attribution_stability 1.0"],"recommendation":"PAIR_RESONANCE_DETECTED","resonance_gap":64,"resonance_pairs":[{"a":"v23:R5_02","b":"v23:R5_04","intersection_size":0,"resonant":true,"size_a":12,"size_b":121,"subadditivity_gap":0,"union_size":133},{"a":"v23:R5_02","b":"v314:D02","intersection_size":0,"resonant":true,"size_a":12,"size_b":121,"subadditivity_gap":0,"union_size":133},{"a":"v23:R5_02","b":"v314:D05","intersection_size":0,"resonant":true,"size_a":12,"size_b":121,"subadditivity_gap":0,"union_size":133},{"a":"v23:R5_02","b":"v315:G10",